ax,ay,az,gx,gy,gz,pitch,roll,lean_angle,speed_kmh,label
0.5966730576806375,-0.4119971236393503,1.5379975862538262,-5.334420785725616,16.998451263624553,11.75337521385024,7.871971007699242,-3.7433304805770575,-0.5647407475407586,52.997274574722,pothole
0.0328294376173,-0.1241710386496851,0.860106091174521,18.39083493487464,-28.91010500951181,23.269266472286738,1.9888021912618985,4.73392818589863,39.52682716111573,65.46109485513966,hard_lean
-0.0009379693819487,-0.0504970155945338,0.9511794025542506,-3.0759785601468934,1.9203212088183916,-2.993932760130048,-1.0437095151823463,-5.955189095375088,6.60095459603491,26.178443242457597,normal
2.857565760706252,0.6027527784439932,0.3209176416131983,-172.18086653132062,70.51866456092273,27.70736348365031,-26.19043935334854,36.12900701553521,40.50785406605959,51.34544183524749,collision
-0.2585388851640243,-0.0114351285250968,0.6937150495516914,-15.904042206635838,-24.385956851809773,-12.594283632632258,5.516735668578725,3.917835159316663,42.79453853849007,59.4587822588992,hard_lean
0.1736011660899987,0.2604307826465036,0.2131161808234109,17.837183709155276,33.29302184918588,-32.88714452759643,-26.81003777987453,28.287855516862383,77.08863467104553,34.24340345921743,bike_fall
0.0049254035896757,-0.0775345898239507,1.7317925579126556,26.926321844030294,-22.50193930357221,-10.44837893697829,-1.4801823075122602,5.344423538771748,1.4850311416002482,45.54405447648152,pothole
0.4772282075099637,0.1631103004861289,0.5304838799165846,-10.9169492841713,-28.32404699053836,-8.42426986546516,-7.593054022671994,-5.98138113651634,1.5985744940449074,23.51549954902814,pothole
-0.2496774169521588,0.4661562414201738,0.7172567444884865,16.00676055837677,31.49051412000728,21.819332718013374,-2.926457924077452,-7.989491866306539,35.8140812637231,68.68970645501517,hard_lean
-1.9217816395464105,0.1968293503780731,0.9482737743621096,-5.526559738632324,5.3582140235703,-0.6709301483748309,-10.5197239178495,0.3671118126436292,-4.778547725448126,42.66246099520271,hard_brake
0.0912700588462478,-0.3479316763250386,1.5448716002933225,-29.158741076274037,11.90905547373896,-9.169811527311484,-0.462536322660501,7.602131286593234,0.4684302901820061,21.9932087391617,pothole
-0.4322188243074462,-0.5267554230566913,1.455590402559627,3.869996974855354,10.313438877491912,9.070063564279788,-4.318301400142964,-4.259633148079367,-2.665096405421476,30.637374690306547,pothole
-0.0362041127242296,-0.0494450899231386,0.995651004996187,1.572439132707336,-3.989010321453412,-1.1941523649945731,-2.9302304892918185,1.9493546593710465,6.611050645263678,35.0741512563513,normal
0.1655019241981073,-0.0419486922308779,0.2444213240639227,-19.597149427902075,-16.394947285199635,25.69472689778044,-37.60670777978037,40.33924823115661,74.20951029059917,19.29154974997197,bike_fall
0.5348860559512644,-0.1525513885525261,1.716293236278029,-5.646530683272818,-7.514034061481528,7.698581858194395,-0.460610720943686,-0.8288247011167602,-1.366572075860102,35.148137616765645,pothole
0.1147862159705754,-0.0605434860336507,1.0073641179498525,1.387499660221029,1.0933425749259982,-4.037543223719565,1.2895316881195935,1.583456696154224,6.477709780040286,52.14050796521313,normal
0.298594339263809,0.0895624214198569,0.1057294550407851,36.21727719350691,-7.243604886158593,7.700286710210577,-37.724341389754855,37.907774913912846,48.60512551412265,26.821402410680196,bike_fall
0.2158430598725011,0.2760418654789536,0.2295038744459526,8.751674404358276,33.28842759708704,-29.790339522518543,-35.8452328068463,29.67307042429932,55.69430901223485,32.56097550559743,bike_fall
0.0795742149835567,0.08183586279811,0.9651062278076816,4.3341939230742845,-4.948211341845679,2.52977503597754,2.484214642537961,-4.358831381489022,-1.6219269817362978,52.61025111980182,normal
0.1582451552630345,-0.9687482639684905,0.8810288964210077,16.68254131177293,37.417597298098414,10.79943280728154,4.355945146510198,5.467233646398887,35.37506681502205,38.4665353071773,hard_lean
-0.0854073905293203,-0.067957593228431,1.011253960427303,-4.560579920386166,-4.643197212264038,0.148888202713703,-0.2703517973976872,5.006013278314228,2.584525089820209,40.56470586398056,normal
0.1418179649073562,-0.3357895839243339,0.6301358442620921,8.29620426798715,37.80082555030779,-24.14919764942289,3.296155176434977,-5.181729472742809,36.89930500490564,53.2922836300712,hard_lean
0.32821644496144,0.0129326581065417,0.0822036597808324,-7.049647631030584,-9.656518070933604,-13.510030034424076,-38.473598705625854,6.414463758739583,60.7051046388987,23.61239527670658,bike_fall
0.1794892866531258,-0.1364120702401788,0.2061849640413571,6.246643001606774,-36.90949520887794,-3.823211576623329,-34.96593494377378,-19.19319406544448,79.19605126934835,23.81161437107958,bike_fall
-0.0433152524147834,-0.6660713364795654,0.6424812575285302,-15.852985887092968,-12.06864678296028,-4.642580915309928,5.084521998115198,0.5796385465258869,44.85946179472528,60.23108553278787,hard_lean
-1.533667018578155,0.1533156575101796,0.8010053795127748,-13.450040605253786,-7.355539503422475,-5.051644330643091,-11.352983651856738,-0.4198742062352076,6.847945252641402,41.13671591518328,hard_brake
-0.5591081185288854,-0.1148172233045298,1.2091417079982274,-14.794888376219458,-9.107105885676724,3.286486914325934,1.4383655106733144,-5.532948200540112,2.478982634549133,22.80102465219077,pothole
2.82451659333148,-1.3593654612871455,0.3152008145490825,198.79185938081605,-56.108404062623066,1.5663739528139615,-32.39717253823288,-29.12012402946923,50.11517393343377,69.48995354168136,collision
0.1364785003523577,-0.7987907006957173,0.7536795112006833,19.82943829889916,4.782842010301621,1.0870018278698057,5.374559366634232,-3.455358573078902,44.99146388159901,66.91929331111767,hard_lean
-0.2343598601445233,0.1226544183355717,1.5513067738260626,26.192197580512207,-10.268515014238645,2.0906983364312737,-7.905613286666011,-2.045383506217094,5.528445879189007,24.15934927971482,pothole
-1.6588735922061786,-0.014721297078261,0.7395127892856305,4.453160945994707,3.9153789691463,-5.938261187779819,-4.130934976527067,-3.175246715582123,-6.517452244802188,43.26203982177635,hard_brake
0.537551240319439,-0.5639577205009174,1.7923470485798112,6.296165731033142,-25.56879157549639,-0.0890754355722958,-7.208448963966985,0.7823010538380526,-3.7745461302764967,32.87791185396808,pothole
0.0515295487833854,-0.0399159837041859,1.0374077026149504,1.6221473833845383,-3.6838418419169434,3.4507432087455285,3.5595853691598363,4.847001458351121,1.3943829571855453,25.81839815043708,normal
0.147764429754285,-0.4828920487126144,1.337170276514155,27.73520034824054,28.84656621289146,11.677236523034718,4.905773668157366,-5.152747020840439,5.641871444419129,27.09531209202082,pothole
-0.1547397946504695,-0.7733733573826731,0.7760898484329511,-8.26954750750151,26.95532155713109,17.394707717884963,-1.873479941521296,1.9062733571438173,43.53436247738263,47.5706674486196,hard_lean
-1.6577596435311783,-0.1771568109427199,0.9192421640669236,-9.426332728523882,-0.6142921426237251,5.758210569816725,-9.623134764607112,-1.6959474172780356,-3.1121422141757837,33.08069066618693,hard_brake
-0.0922609515095002,0.0855811369489048,1.0052326487667265,-3.194475015510884,3.8405689419646993,1.4157170522248077,0.5575541957904635,-1.4845459664409582,-1.7808943568574025,29.579568507273795,normal
-1.9817493153754555,0.2892558709609188,0.925216643961317,-12.67311256930454,6.164183576779799,-3.025176576296264,-5.623242214663724,-3.898228406439995,5.940322464268043,36.49241295221071,hard_brake
0.0359770379135404,-0.0625713226918562,0.9934813412376589,3.8392246472214673,-1.2462598298053629,2.108815531965337,-3.225538329308256,2.7278973208625263,5.52947048130493,53.0306712680853,normal
0.3426820097643339,-0.3859192104903864,0.19666610360431,28.401262492680928,26.99550463397996,38.00424108290761,-22.22653153004785,43.51871970373507,54.74236671549978,30.6468263118331,bike_fall
0.5068840560234159,-0.4297574524592029,0.4185654569174576,-14.18203771203106,-21.93366052474724,-9.34120418758979,1.3332303906310052,-1.2432940332218383,-0.8492508583289959,27.19644294800996,pothole
2.7729381689730133,-1.3508125119370429,1.3874441888785345,120.08449223437572,-107.26728575908018,-41.18169780713732,-10.501675713164708,26.275139488504337,37.44268632183581,78.03188308783297,collision
-1.5648391241618582,-0.2034510274876877,0.9771430675366236,2.869817145224204,3.3664392567540737,-7.208842868614306,-7.040297658108104,0.8027814589120732,4.355294538132338,38.55326329307121,hard_brake
0.3345988183457162,0.2596980175958158,0.1850503911591538,-18.95057545340172,-21.632206948477474,1.1680906092187089,-22.428985130191105,5.117535754000212,60.72433833834548,40.22157429176399,bike_fall
0.2702109390918858,-0.9109753373221612,0.9030891113708313,14.617366266674177,0.7156947573051866,14.88053435139858,-0.7074522704346329,-2.346330186080431,37.58596235212678,41.81601501214675,hard_lean
1.9321616017239565,0.0778600924299752,0.9384053515684668,173.44260506389963,-137.82598566967127,65.39599889249155,14.438860237754206,-15.371598668023836,66.29039736820715,71.24223237004091,collision
-1.8800409611124995,0.1532742539987109,0.8510967395418054,-8.239348586360723,6.536378777388464,-1.9045984938735556,-4.863250791906138,2.281923221589696,-0.8433788196653644,58.51563758919311,hard_brake
1.711806185899668,0.7446338652402422,0.7136337155498615,87.9618330756299,-61.36616481569533,-59.17359570345896,-43.81800682965929,-20.431426676677155,73.01720520476911,74.56154221839418,collision
-0.0114200849624519,-0.3621330390008623,0.9068587281403316,13.2683539831839,-28.70661522722214,-16.77865994230437,-1.3960642759841608,-0.5874180468970849,44.344822526544135,67.95922348554954,hard_lean
-2.102444978326065,-0.1373362624172395,0.7518907338044429,-13.738685707997288,-0.6842167405574315,-4.569661902434719,-6.134753866986191,3.3802221024233834,-3.6322448044225535,52.88993163106142,hard_brake
0.277703780641177,0.0554982510946729,0.1887387039233254,-1.5895791674594406,-9.26763114409266,-20.73591744407353,-32.70251262945044,-8.57763174671728,76.65410522530503,41.62272441383023,bike_fall
2.641802448834439,-0.759943470354741,0.985197265711964,150.76351602217647,-117.88575508237231,-3.204273968212476,-43.64127562602101,34.49601827198144,68.92450381169004,32.30168717564219,collision
-1.501588281245492,0.2508411035691156,0.7931588914517667,-0.2807269382278043,-4.937660342568764,-5.767626071547294,-9.745427504261997,0.8197794320065297,6.969454272816511,35.83606076130439,hard_brake
-0.0854642041793554,0.192320526998306,0.4793893693626893,-14.840776409927416,-28.899831724432342,1.2020475377936002,-1.8963587331382337,0.0590402665812614,-2.4499582098865003,42.98824548138657,pothole
0.1344372184232444,0.0146665435222241,0.984006806742084,-2.284753801912147,4.520394907075222,-0.5552179035288676,3.843158007044716,0.1862720292752513,0.4233225805244789,55.86162094864003,normal
-0.3922966134942613,0.4879824286829898,1.7441140371706312,-0.4203805657944777,-2.076592444510755,10.788501175054886,-3.362595238757237,4.8496908865108335,-2.552308689109133,45.19876780833913,pothole
-0.1385828139926282,0.0752437616218542,0.9967730216814096,0.4763519921373529,-1.7783669021977486,2.5132491985492784,-3.798425033585917,-1.5337767292175526,-9.392994112317767,24.91568408820037,normal
0.1240064584593136,0.0604073155994567,1.0377691366649533,0.2330415297517731,4.156354351007325,-4.533477620461128,-3.757689328547184,-5.7574131197262375,-4.944626440950872,29.942790928359315,normal
0.2796399081517193,0.0067912984558669,0.2074615183950154,-1.2585622766845574,26.483521687638955,-38.516340389986695,-34.04359149721591,-8.47893143126107,54.00726536534527,43.36594473524472,bike_fall
3.185901321074548,-1.7156856404012102,1.0313000472041631,97.98302178846389,74.45218478318199,34.24343397482667,-40.66725068689367,-41.60615436160836,68.64009965367806,60.58852243503782,collision
-0.0223305382115188,-0.5840529945359594,0.9202204342158928,12.689841320732915,35.62243122770654,16.988118398089746,1.769326011004761,-5.007169095646502,42.345097238136006,60.48330303374976,hard_lean
0.0127109632664314,-0.0224962721996537,1.004802876826604,2.216402185196622,-1.1853913060160428,3.3064067341199195,3.3557067704430965,-1.3508124322722672,-7.243676913001378,50.41493183960729,normal
-0.1384654994798009,0.0989099318627594,1.2219774221411246,27.079921641026083,-9.71436880736196,-2.7571351166558298,1.8162225756270531,6.182249936786496,2.473727385048303,36.48099035755647,pothole
-1.785989428741797,0.1513467081849095,0.8767854566055386,1.0555674837497762,1.0094136091340804,-4.829695096463503,-8.007284949182468,-0.0725132231133329,-5.345031480560119,54.76663404641917,hard_brake
2.0396581353391903,1.597060615379623,1.00965644893613,157.9696214467021,-63.412666827609456,77.18099423023844,-38.673362725827815,3.034908535410885,35.52362081906047,39.48939049716101,collision
2.070355609937833,1.4633141791579358,1.39377060134725,140.12293074968318,-99.09056446377404,42.265086368789184,-17.948056532742036,-32.93556598223203,54.044246725276366,76.14402451562356,collision
0.0728302254645118,0.0161305727705645,0.9926649503836258,3.781878594182805,-0.8835385009311159,4.227595761684675,-3.450277183025108,-0.8400376571860431,0.3902963975571794,58.03752782327399,normal
-2.003509298415357,0.2619858939914105,0.7465390815813534,-4.710673246095071,-8.168918535675278,7.44684334535318,-8.095487258260453,2.429332782400432,-3.4892413016367545,62.071865066741545,hard_brake
-1.880765443216404,0.0722312602436587,0.9456749922156809,-1.4381672797407354,2.836567334147567,-1.501940420206143,-8.300118502879654,-0.8313386881893026,3.908676084754383,45.21720624457001,hard_brake
3.003604253053795,-0.3904740901319301,0.3696874152017966,160.22130720260617,145.8856330170081,1.8230836341884211,-31.48320319403147,4.379280421418166,64.81367759463409,54.11036216174445,collision
0.1478846576245818,-0.070402370247587,1.0212675676061465,3.2532340030004026,4.205719449963612,-3.766185857224257,-3.2655206947871243,5.854458982158402,-7.664870297968234,27.07230236547584,normal
0.1481199515765624,0.4343541988206949,0.932009279317686,-8.08626245224065,13.796055049859165,0.8649551692765698,-1.945874177854896,-2.7705695138480007,32.33201927098491,52.20373650285688,hard_lean
0.2994380120691958,-0.2680021757512911,0.1633854426768345,-1.5083798528411343,33.53507016069948,-12.630822712484395,-35.093549694858865,-17.1914036985567,56.98809807134207,44.68342015751443,bike_fall
-0.1579841980753472,-0.9613442122849984,0.676311052467954,-11.99252928887239,-6.811163863251593,-8.915123046464391,-1.64936194847001,5.070194701243906,30.32039909867819,38.61884111580756,hard_lean
0.0522602971305633,-0.0258534410347495,0.9564212000166104,0.1877623406029496,2.5745990638220206,-3.0916179651032283,-1.8701021870964516,0.4334405085524659,4.966631257958385,55.86346923036718,normal
-1.8049293089623903,0.2079729683908265,0.7253195535743636,-9.51486841218918,5.293861267854625,1.7295731113157815,-11.246437121435184,1.0312310356329215,-0.7246348732426213,64.49425062821791,hard_brake
0.0143887223839631,0.3122230762348056,1.3170829331673446,-12.608651270563584,-24.77301475954872,-1.1307973314988775,6.082662360418862,1.5702569180183517,-5.360531228007291,35.40269667437031,pothole
2.164077227152969,-0.907976489083912,0.6265461108764427,-180.07172446846934,-73.47774666959816,72.5008251516189,-44.51414645665403,22.74683906570209,69.44565196703925,50.23550097501301,collision
-0.0747002260005725,0.0612078294524217,1.0176471199998594,2.1708590428112293,1.296221828402036,4.715607084615801,-1.3385483263094011,-1.2206932838475533,-5.941764955729676,22.02816221089082,normal
0.2384968162773216,-0.8289148973721807,0.8132894831696998,-17.99806353057628,35.136208885978135,-16.421827106184534,-1.0797371626099803,0.7484982587101907,40.77977551397011,67.81083284026558,hard_lean
-1.44197959064193,0.2317182898584496,0.7343071421243258,-8.695962828227415,-9.3511162217208,5.295155401729142,-4.018863039984666,3.9184740110072154,1.7908002822679716,56.63942315395115,hard_brake
0.3682644571131771,0.2364368663906552,0.116563321733208,7.770549084021443,26.76840649866305,-11.41531656080625,-19.86734984320199,30.830614681728008,61.4035007898667,41.89665143004062,bike_fall
-0.0702405366915541,0.0053874400100114,0.9782952867862345,0.1616118751094388,1.2853359074915174,0.3620807954126785,-0.8351671416407953,3.4897655852463494,7.468748982913688,27.17485054752825,normal
-0.4230439924054825,0.01612085479137,0.8157567731171933,2.958917007953616,14.62283540604252,10.705180785930647,-7.055997321019181,1.4776764435938468,5.803989982898255,36.09291003695172,pothole
2.9089235507401643,0.4515528105625399,1.042029002397623,-136.9594207877174,31.3371065703158,-22.960089265832337,-40.46473573293154,-36.68089805363827,53.98995996503703,43.12523730601902,collision
2.1530019321172205,-0.8693295209428985,1.065590475629734,-72.83539855328245,22.7899529489722,-38.44136267906437,0.2046972957092023,-12.505004726731386,53.92469512645934,76.37896520884063,collision
-1.6641241058089593,0.1623083889208082,0.7170124405885763,-0.3434771989450311,6.34859871396425,-0.8769028280277364,-14.25055304566916,1.4633060435643923,-4.061381445901242,55.73429315688879,hard_brake
0.1071685112542938,-0.2012549178634557,0.1648781523914133,22.18536785163606,21.902713315832585,-9.33709473833116,-34.495653935965926,35.40291748269744,49.27322596790508,16.950656704726626,bike_fall
0.3203909337540702,0.2219675130645917,0.0636900158344924,36.7690200884412,6.149108049214462,-18.21447382176812,-29.146586714978387,13.644100977749863,63.12193839916172,22.43875414161488,bike_fall
-0.2876327198039582,0.1003698190389773,1.7331247137921069,19.02791652470225,8.44358151662847,0.5645573647140605,-7.757885172198046,6.251460280726226,-5.197750855313121,24.517836781425988,pothole
0.5636696089689196,-0.3571656501916636,0.7549673997367315,-17.98196722135679,29.489937571654856,-6.402152386037884,1.6846763918210712,7.850146439098637,5.400814269144313,21.48224401699138,pothole
0.2152908685472639,-0.1676222965436312,0.1253671289297197,17.141858378733602,-0.2135443922241435,-24.19284500695017,-20.118508595362943,13.357122583848565,61.042766621567495,36.40028181639738,bike_fall
2.7494109784488474,0.8507941719639314,0.6732760392140735,136.13497438089473,-34.27245336231147,78.12893411284782,8.75397379739428,15.912466481681818,71.57319631802734,57.2021722133581,collision
1.8788716199324584,1.7361785661036506,1.3458961809462324,170.85644412114874,97.99477017700336,5.053443366284853,-26.972965656835477,15.170828010169188,37.56742316104543,60.84063344299153,collision
0.2316860861261391,0.3745727771350647,1.5011709294146685,-2.8557527820004616,-19.37665333998117,-13.94093350260284,5.622073762956706,7.643159409309881,-3.070373942592943,50.31267146631734,pothole
0.1786391217639736,-0.5859590412011944,0.8638584522773614,6.923704989529256,-2.8540692995362207,-15.569712543331542,-1.165210785705428,3.920686534334601,32.837784149825644,38.15143542602864,hard_lean
0.280224345518667,0.5054619512689957,0.8708908625921242,-9.18435391149715,-10.187630929850393,-24.865834670295524,3.9954627866691617,-3.582638828444324,31.18921630977879,46.045690023759846,hard_lean
0.2491213320351889,-0.3542145604694392,0.2008467320410694,24.48595245279129,-28.383726240862988,-19.218268667811948,-19.985382814691324,39.29500797744785,75.4531542967427,30.05585801373324,bike_fall
0.1803327412804918,-0.038015421584689,0.0844330371521402,12.332313592470214,-12.483860571249483,12.40883682482221,-26.716886109212787,24.609366922627515,53.62193672869002,36.21206493967988,bike_fall
-0.1091073825545908,-0.0773616718435914,1.0479596730448315,4.415913028559178,-2.693328176988976,4.6990757358217135,-2.337458663012768,0.0777121942575691,-0.0522991156096956,56.5982361095536,normal
0.1589368896091205,0.2042792676427842,0.0823616013309552,32.903509924359014,-23.894364618248503,18.508710991602804,-19.03264909360988,-3.428483085526821,48.248911931277455,32.584237805603365,bike_fall
0.377479257906282,-0.0176326906016169,1.7489320569309017,-13.050033130754596,-22.356486142653143,9.911996882514035,-3.24321577332171,5.558340144678796,1.31285793269274,37.813575932754674,pothole
0.1979323277893862,0.3472281678605353,0.2358795599046744,17.19350418726149,-11.857360431615042,32.046883858870814,-16.428338665671237,2.573454270434709,48.020217286021634,41.03430342302665,bike_fall
1.9214752307528875,1.0177501763424217,0.9978986003221236,118.8710379552245,-136.6527083380502,64.13115242383569,-22.064901169308783,42.61674382789194,59.72594168066189,57.36564105640473,collision
-0.0927676045804818,0.2365731441778342,0.7838131868304821,2.5119425671024445,-38.59694513255307,-0.0606788780808891,-3.36038466028859,-1.8269994478060896,31.10656147217387,57.99153865256184,hard_lean
-1.9605751288659203,-0.1398593147748403,0.9653195813054198,-5.1233332217168215,3.710822942363132,-6.827337234725553,-4.601307637365023,-1.4962786990645949,-0.0875686834004945,37.92084327037828,hard_brake
0.1183190271158873,-0.2651396696490309,0.7288313420850718,-0.4686508478607436,2.442492662484767,9.72416218891106,1.6546013849112988,2.8520880539603883,35.76115238350236,58.70691321648686,hard_lean
-0.0416207822957527,0.0196368134414426,0.9559251642345504,-1.123681988892713,-1.7696365374179337,-3.498002709295481,2.530704830552605,-1.44664594139625,9.574957688224432,43.59966772042441,normal
-0.0102479894816625,0.0256201709729813,1.0135226183899713,-3.1611060349030886,-4.381345818436259,-0.8848317650202508,2.112240707507749,3.782661459501261,4.599784980041299,24.52819810100892,normal
-0.2810275894700029,-0.2102605445613902,1.2278405120387867,7.671654998462429,25.886552746493837,-14.618448252446516,-4.904984319647204,-2.207959735957271,3.8160820804759386,39.24680588535544,pothole
0.1975065350427207,-0.2525877372265708,0.9588056300036956,-2.1951575771589376,24.265468456322083,-7.609328984164342,3.4986564235132143,-3.0501004218661976,4.733115757684393,33.79278225504813,pothole
1.7840069702145471,0.5244998294832011,0.3957258483799009,-128.20721173691243,79.90508269378765,0.0381931374140407,-5.2879426380439725,23.39531857101636,60.32754482724168,39.88799296725709,collision
-0.2929944385110957,0.4733989341919165,0.702671715308596,11.222319616438842,-0.9115381784892592,1.7790505879578935,-0.5136251253855519,2.815710579018903,44.85067759677168,62.92554199608593,hard_lean
0.2775099862935055,-0.2916229980545975,1.7886127109020171,13.19604881830218,-4.574854712401436,-2.552744228356961,4.469205691982202,-5.189082467784987,1.6755289514387623,45.159381766569766,pothole
0.3256413861910122,0.349059500135934,0.2122493284217608,20.140913798503117,17.6903475030036,-27.42985042036775,-22.518670023088973,-3.460241953556025,54.02425131988472,18.60395283616252,bike_fall
1.97052762305813,-0.0266872212160624,1.336374575704084,91.54081926288512,19.191702718584537,3.395052011962022,-3.3949561821827814,12.646667600498304,46.81556732772926,34.63650360668578,collision
-0.4063225433198594,-0.343962853498193,0.5209470786805885,-1.6823182691713718,5.546275622470489,-5.4503535541991095,-6.261605428282408,4.975297241695321,3.6536565791676807,39.67349655577365,pothole
2.3107662170220893,-1.430023809188178,0.8118005187795678,145.19474647525823,2.746481565000608,21.09390744084644,-22.548395002217354,-34.991329718596255,61.33142987258261,54.24887905656216,collision
-0.0591360003408042,0.3027917457937739,0.8751017553083605,-1.932350969772916,-24.946593230591283,23.29636436030929,-0.4019895087390814,3.477495566679341,38.02241011516189,37.824260584170425,hard_lean
-0.1991863898090015,0.1231220055081099,1.696215544803839,-26.740512876854773,18.43527765856542,1.2553670724848764,-1.9349179137707857,-2.3955926860038854,-5.167055720935082,29.04325441077344,pothole
0.0254208825902663,0.1215656116275094,1.383353086186248,-9.845441100850708,-10.325483392151629,-14.871479531741546,-7.436212780383979,0.8009146963040461,-5.089354784743875,27.086842404932423,pothole
-2.108826319241377,-0.1394509111676816,0.9817659494298872,-9.629240498154658,4.048117560877129,-5.927148053708953,-5.219569569506012,-3.0592799102588533,0.2566580284921738,31.408705062689187,hard_brake
-2.036354087751912,0.1546383618913928,0.8907022465209464,-0.1914267837944177,-2.4347677260142664,3.598736302886632,-6.618886839129351,-0.9000888631785724,-7.576764314913753,68.51653273520785,hard_brake
-0.1267360282946991,0.0526361902802962,0.963107898829132,-3.667933576503217,-3.693157541927233,-4.187376888840095,3.251138923202056,-2.7690684039193143,-3.8717884158627953,53.3117724000827,normal
0.1472279578141537,-0.2988037968876031,0.6351157040564624,1.6983038199534697,9.82090874995194,21.08885548340601,4.653056934432563,-7.085613545012759,41.57760580906116,44.14769800795089,hard_lean
-1.6674422309698116,0.0862088818756111,0.9851688444721096,-6.33017323809514,-1.6982313281574584,3.073938060560268,-4.979336326283526,-1.3193918397296454,2.7145128751318275,38.36149631456425,hard_brake
-0.434709470588948,0.0502935723892339,1.2813335155856174,-4.3024601882084,21.831803255212755,-3.298638017364277,0.1741931580490554,-6.173706219580353,0.7626095946268485,46.82568153305961,pothole
-1.9610397418392465,0.0822981122327369,0.7774404640232938,-5.4692595485074325,0.4934947806897547,2.0962109188927123,-12.561985901097538,3.6964086016199262,-3.3737907881062963,42.240805270699205,hard_brake
2.073209873658276,0.5546542921694748,0.7289775378108857,-13.966562013867645,-11.424416591157636,-35.43755030003936,-43.8560995828833,26.653151374492708,64.79837622710573,72.02985492301332,collision
2.7932980803426384,0.689605384750754,0.4388763950564354,10.067366103553695,56.80794105757704,-26.322323671645837,-14.766102068576558,47.593225346455725,61.78409230011268,55.09966597485644,collision
-0.4955618572881607,0.3435786029188121,0.4922941349965934,27.90906850421749,22.618475641919154,-5.910942226520039,-5.954141329398054,6.1707912097814575,-0.2417932059366805,24.37058223678933,pothole
0.0875570497753036,0.4949682499472949,0.6421048413824934,-12.769884344946956,-15.281580270612906,-10.915614736967388,3.0670919070592824,7.893084741905126,40.24671962043827,36.156625879309445,hard_lean
-0.1122775447397492,-0.0631459574267006,1.0299536971388144,1.445216230234747,2.209727918099774,4.967711650313136,3.513439669527049,4.116300802099033,5.54231618106364,35.80076860825748,normal
-1.4558367558190717,-0.2801853111125372,0.9754621723240606,-2.7677684260974704,-8.658967237594839,1.0974676068561742,-9.494511329780714,0.5118763909441117,3.795256657274754,57.14476388736251,hard_brake
-0.1071410304537057,0.3479806122445703,0.6335521538359608,6.500385145432936,6.095884010161697,5.860216184104576,-0.6361888026164468,-4.39746689617944,40.88815785995881,51.24456075691528,hard_lean
0.0623162328149348,0.0699386685292893,1.0181476690736688,2.356830593136011,-1.983554972477858,-3.323592771012583,2.0521998332463074,-4.0099524507760655,8.389117030399383,43.86571349424486,normal
0.0868393204562254,-0.6132740045276088,0.7481698487564542,4.942186500486262,34.11210497912816,-9.9076433459655,-1.2574912227216597,-7.644209847555851,40.450904674988735,50.5249581322071,hard_lean
-1.4691342358033823,0.093830259556162,0.8862720341836402,0.3538225209464425,5.0051649538592535,-2.4985899997697025,-11.91589917926784,-0.4990288821945423,-0.1720451076590112,35.66891081695677,hard_brake
-1.6422360302090628,-0.2491452631597736,0.8688375611988618,-3.837826143008247,8.6422778341764,-7.36631075058189,-9.566164283323108,1.0485832972802616,0.8119512202920252,32.96644391269628,hard_brake
0.107064092745312,-0.2314110670959922,0.1079870316582793,39.56695729653002,-21.797111203499284,-36.23094697450377,-29.58839484102242,22.219376150134455,50.36960733396615,40.19084458694101,bike_fall
-2.03662216837772,-0.1242466937792819,0.8292234773920694,4.981175109596315,-2.948961162426573,-0.841931490891703,-10.540469234082568,0.6514219161989692,7.166377271613001,65.56291574874076,hard_brake
1.662403841547147,1.2142941160028755,1.3892941264289855,23.66488723933574,-41.99661728229762,-42.57027237653824,-34.02293971568398,-17.66642727936165,72.58285868230129,30.162783318609467,collision
-1.6894350198534986,0.0420890608877597,0.985726873404284,-2.8427754254302684,-3.2854792160571966,0.2060358389525429,-14.776045501425534,1.793010438597796,3.1027372191125373,46.84204564987671,hard_brake
-2.0693188551558683,-0.2595142436591437,0.8268768738704512,0.4367262263343008,4.19133873369697,-4.870840751354942,-13.356817169600008,-1.4285764767874376,4.292082454241164,49.52312543408901,hard_brake
0.0934762208240252,0.0316052163223451,1.0110750785613527,-3.0874731991510265,0.7439474825780596,-4.60313581541,2.4133152407349865,5.520851004314114,7.080181426836905,22.02838583864245,normal
-0.274403037031292,-0.8979190041126084,0.7999347620184503,-17.989561945396147,0.3457277113071342,11.816934078348062,1.8889097846862404,1.8663624704991744,30.69608572646732,43.28292086117195,hard_lean
3.174977897962511,-1.575061030291311,1.1080278782698827,-83.43962669185797,-22.82935611423484,21.789671612997356,-42.25019492665755,-27.646041189794424,35.200842395029625,66.98227851206494,collision
2.822641126579718,-1.5620578885123315,0.7209813446821194,-123.33776441083924,105.08142103935094,-66.81992041950281,-24.805386497447437,35.62437756036189,64.3456955501511,65.16640778320973,collision
0.2326006529582013,-0.4429220499598911,0.8627502444186932,14.326221004526351,23.868952598268613,18.12505144189219,-0.1303865561099524,5.476685914242173,36.91734089644069,44.233620317597,hard_lean
-1.9791410635915927,0.0520993492202827,0.7842636593897014,-14.321779029529363,-3.3777967688663573,4.082891266074515,-11.929942078593452,-0.7636125325883478,4.079590087486372,46.26725136177333,hard_brake
2.693075625482047,0.892390862381572,0.5140915858960603,-58.29514732182196,119.76997512182874,77.8048265658555,-18.4167078376871,27.597462879369616,76.67233668028629,79.85011307471892,collision
0.019608024133618,0.447838089350394,1.0560903719414434,-2.106435086831997,-12.919222210491045,12.581148992473352,-2.9396831883265726,3.124340362081352,-1.0877647589024066,52.7398446101362,pothole
0.3467412438428313,0.1940383247166553,0.2320282890222312,-3.7917745424183344,22.81370642498363,29.8494102309342,-31.123722456886703,6.662220622148208,56.689561400217706,15.171826434004087,bike_fall
-0.1457186430946168,0.0256923895732581,1.0293023658098035,0.130035828222085,2.258494205510871,-2.7357651730285597,-2.4118308160586173,-1.6424765933957808,-6.41187944865707,33.84245756449914,normal
-0.0861275415073982,0.0830928794247816,1.034016881715839,-3.87594258507421,1.0377902531686534,-0.2080350511037521,0.7574789639062285,1.9113000793087596,-3.8668101822225616,58.45403378945828,normal
-2.269049269774245,-0.0661209576708977,0.958100105858822,-3.409212849632812,1.156516524467957,2.6358221688567607,-6.8679404163089295,0.668786008376995,-1.2699310318411283,37.33934752747186,hard_brake
0.3023005322874883,0.4722220999404881,0.2205277624285322,5.799544032076106,-3.8690368328990488,-6.742933789891829,-34.02665752281303,41.864753106217805,47.40309076555795,21.14841883798128,bike_fall
-0.4957225894643846,0.0129211750728639,1.680108330939832,-6.069045260049887,-14.296929610431077,1.6780043202571375,-2.8785857986204526,6.833266124598417,-4.982414773654515,27.234775683056814,pothole
-0.0484019749859344,-0.0363993604275435,0.9612716991722868,1.2661181932812102,2.974581753663333,-1.8627852799775613,2.902473879349878,3.565522954153556,-7.417241170513504,50.67436626952621,normal
-0.2122232595754735,0.1178481026539493,0.6637482096360947,-18.43189684045176,35.50297347801039,-8.107299452135415,-3.7249679387624326,-6.37133362948742,39.78211098840049,51.14021628520216,hard_lean
0.3469223213110755,-0.2554555567826027,0.1106301893070993,13.229085472557536,12.312416250735003,30.4055995046126,-18.01332325144265,-3.739486239456721,71.09607584688726,34.049790639141946,bike_fall
-0.1042567581382788,0.4577048315524403,0.7056452126476663,0.3462894110629797,14.519236987023724,-14.943785400544623,-5.266087007608563,4.655169792209739,42.13419440001223,58.29827010436805,hard_lean
3.083648701720736,1.4286591643495663,0.3476099738550746,-92.94096934456562,-33.35216403461173,-39.64814269037481,-34.386521156268685,37.34733944769842,31.25007520819424,39.09297210685689,collision
2.4586625492609366,0.0243648112917092,0.7037328517812699,146.10007370627525,120.32946433415935,-54.312833098989074,1.3301501517621546,-22.44886767644063,39.19286475119351,39.86042141150213,collision
-2.126754848256411,-0.0182803758663995,0.97647712818568,-13.59653516699414,-6.57441774016887,-0.2075314962980563,-8.711583662846298,1.9640102639535764,-0.99702338323954,35.645470057581214,hard_brake
0.0423687331829445,-0.0631108715106842,1.0259494465280805,2.576906645183888,2.212952136347191,-0.5520097557322101,-0.9745573696734312,-0.9627488115607044,-9.333215297775068,53.77280465645972,normal
0.1112423438580811,0.4442798044096059,0.1562977691946264,-12.45772973928605,25.64552463325255,-5.362792926658969,-22.17023336010508,33.76951568074985,63.83138734111612,16.48995879124814,bike_fall
0.0224858801487057,-0.010745392742073,1.0250392191327833,-3.0944275184188665,4.144277615599194,-2.8280515369227754,2.152887921493118,-5.1887576967112725,-0.531948244856693,21.30233306580772,normal
0.2497063067955887,-0.0206803379979726,0.2062668802798621,7.786578839430057,-0.2374875511899077,-1.0188596069741678,-28.635296787104256,6.372317926332499,50.63164841720389,23.859315820465312,bike_fall
0.2954219535554676,0.4752587366637892,0.227158913360542,18.025104950774143,31.80981219153358,-4.444264810697518,-20.028146904548905,-1.5088282279345435,63.434599323646864,44.39603907782005,bike_fall
0.1846818074065176,0.0747232095028169,0.7755557755453126,-9.307309026967124,3.385615081036626,-13.921827533335724,4.300328546018232,5.184635126770795,34.82776324490775,35.857490873864286,hard_lean
2.394729610538192,-0.1088358770106445,1.0278009978690392,-113.51569522881198,-142.47771667751738,-65.83033780776618,-34.24546521592144,35.72447058167981,65.84185050035178,67.49855035598317,collision
-0.0816575945010947,-0.380072407793589,0.6506253463918739,16.625604592847125,-25.1352061274823,-24.55106703267868,4.68091902349228,1.5698421002062162,40.07772979803154,60.659940324148266,hard_lean
2.8163888882420465,-0.9960808987804723,0.5841884218843845,186.98866978364805,78.79562574407038,-8.213580766480618,-36.82789229454276,-23.095341873561143,79.0581535617138,69.55390219952943,collision
0.2190727078864815,-0.4801223194847488,0.1813959071116229,24.88616042067648,22.043963780050905,-29.691040938081148,-23.97283448088421,34.489060401263096,46.25893739291088,20.801061776873087,bike_fall
0.4428597086009286,0.4534484019336472,1.2706716423132955,1.2784039374755487,-17.974488819865172,0.5840511181126384,-3.3500816749281785,-5.985908658953152,-4.461705838299784,48.04098370925914,pothole
-0.1106075246485813,-0.239567913768675,0.7762725975844502,-8.263703462600226,-6.284596991707609,13.559340359671893,-5.091558880539498,-3.574802868100546,37.18539035418638,58.667865162418224,hard_lean
1.9539866426849408,-0.0060034140115732,0.6613647524175006,-105.55329036136496,130.55333967538388,1.1991258183680884,-5.971788523366016,20.43829899207806,71.05756311018808,43.16096350794295,collision
1.7057078538878578,-1.7510929581134616,1.087067825092731,-62.91570250874932,59.175289255615866,44.79149573337922,5.118220135986469,11.582932806633671,72.33686355895745,62.94348916686637,collision
2.55238525763452,-1.004822977109245,1.0348497476370206,83.13030287724933,70.37051011308782,-1.323715128820254,13.224955052854009,36.63155163253028,58.6228998244343,64.1181333956381,collision
-1.4912729032612089,0.1082773080639415,0.9560478745059808,-6.934932106239515,-9.934465161727095,4.591477793050741,-12.054289785370091,-2.8601583538999438,4.791865572551339,57.45314599991298,hard_brake
-0.0818461497259939,-0.0750187235644668,0.9533023924665736,0.0333644798640699,-3.768663439336103,-3.2369562863187284,2.8838054436609672,-0.1890867763928234,-6.325929579595013,46.79458239269249,normal
0.1401444706192103,0.0315521460077029,0.992822024638948,0.2374010791048029,3.7280920856477433,-1.5578933300397375,0.7223278583177173,2.204212480074524,-2.891724459529758,40.763939459839605,normal
2.848576199431621,0.2159391689881189,0.5581563292240452,185.14121097100912,54.59848868829224,-26.18526695611196,6.319944278556989,-12.00177014251942,77.12324994582906,44.8557880555393,collision
-1.5647355118081112,-0.2189473839133262,0.8634837584914017,-0.3262573441345715,-1.939648076349341,-3.6792601406121417,-10.532635071958676,0.3335881506968761,2.986565971406826,52.36700887023068,hard_brake
1.7257515737090166,-0.1179152955010915,0.4870067453689903,-191.82723658227025,125.90528996487592,20.253733578036474,-20.138115822633225,-36.35549111396731,68.06243015796193,56.650262310384726,collision
2.15350614090638,1.781908301224221,1.127844352465959,-5.791264652923672,-41.18984990018308,-64.56184283058258,-39.725971280678216,12.945327446778954,68.67604528058345,75.37710470145441,collision
-0.2198892842998981,-0.2635394331635045,1.7147825372441274,0.2398535577496936,-24.20906842056129,-13.623446068741544,7.846808386593132,1.2666180644447955,-5.346084321673914,37.893940692989695,pothole
-0.1060980080465202,0.4927683987886724,0.6022826695825866,-10.799459849700664,31.717541834123736,17.74380597155796,1.5483756821579515,0.9431983023212832,33.33926296276674,65.62841177302394,hard_lean
-0.0017733797923935,-0.3038168687096649,0.9709695527351044,8.414462982573063,24.921886906100227,9.027894930115115,-5.423857624681318,-0.3626283345996732,-0.0968639949553313,54.63189711860999,pothole
-0.1155082021236013,-0.4281723583721345,0.9953634811846208,-6.593476204317703,-21.69051082068521,21.988355891232167,-4.337012058889959,7.452820051532226,42.79967069799722,57.64705001388373,hard_lean
-0.0590902719542059,-0.0443148775798453,0.9754869587654124,-0.5492369411735343,0.0454825895795334,0.5349735207449244,3.964002267475141,3.511943030565037,2.443584588823253,59.55840590727539,normal
2.517288996242553,-0.7928273367634893,0.5665066900432809,-160.60161281620168,-52.5863882979493,43.85499984415587,-43.70408114022444,-1.7339738576040773,60.14031092930481,32.48096014600288,collision
0.3128291014180807,-0.1509820965058469,0.8524644080313469,8.178094196758394,-18.80576991779405,-11.80739549741468,3.15413181108214,4.103125312023972,-2.4436247647573968,42.26144118981877,pothole
2.020278576370272,-1.766554582568005,0.8868037865145106,-163.83049108322956,74.51453007520854,-25.484493668123207,3.448715447034552,-40.44442545113312,54.69880384236792,34.988249021445874,collision
-0.2000737005354642,-0.5154344898045952,0.4432037759830535,25.61522696479129,-3.887482225278525,-8.853466180793887,3.335228821586682,-7.848874539545788,-3.0597930282500467,53.6262373669404,pothole
0.1930261843580917,0.5421278684875699,0.6535987735708852,-8.303712411550137,25.56039052264579,24.62158057614839,1.3387788986979563,5.947180473243401,44.763322867359015,60.919091229475725,hard_lean
-0.0697202086308643,0.0760664307961657,1.0009790809868424,3.471502463658693,1.397171669425262,2.417709473618572,-3.2680351594956347,0.493725856517865,0.1554447260069995,54.85357506771523,normal
-0.137841342031567,-0.0369298371131237,1.0099974698465728,-4.33601781496721,-2.6344942359397825,-0.3493654590245949,3.046856214953822,3.1315142598934536,6.579609391234829,50.4427909011725,normal
2.7175916612812205,-1.382623714146796,0.5967935440207681,-20.745168580627023,-115.6676948065028,-63.0414959600156,-5.863799739589112,24.19574914688708,48.53454251173877,49.49272095044184,collision
-0.0558567880808691,-0.0375538651649942,1.0219748439138576,-0.4498251684760017,-4.432256376070832,4.953616594289969,3.109594453666662,4.995887219680837,-5.068489398527225,35.76441018899872,normal
0.2390849956059858,0.251804797556997,0.1092355009513696,8.040296716493259,25.96725779741567,-37.185583314211655,-32.721836346578,11.750016665760352,74.80257571574728,23.10099583862074,bike_fall
0.2789566064519044,-0.0773194849585757,0.1614069746341405,33.84149701059809,-18.60786322506069,1.524957124748184,-22.819347310161454,-14.3586832182306,78.67026552544235,29.96273220177089,bike_fall
0.3234797481559134,-0.4832872055169397,1.622911028705638,4.923170021671282,23.2957911660543,8.613537343300148,5.907836389131015,-7.083265902647806,2.5862892924686776,26.894331780753543,pothole
0.2080049784503281,0.1932179626265552,0.1480551021069665,-3.153036403877888,-12.031662961256984,37.21245517188703,-31.463463484847058,17.613318451299143,78.07858710840924,23.92781612352097,bike_fall
0.1642222561733152,-0.4164712705268538,0.1377872708955204,23.180822268809628,22.275749149453304,-38.64092322398139,-16.444523119363996,-3.929825187540484,55.22700756771659,39.97235957679796,bike_fall
-0.2983256968366745,-0.7975641355803778,0.9404751472747964,4.983386815021575,39.25098364503872,-21.52691045835573,-1.6078038991594488,4.731347520405054,39.918095471368815,37.33347544052386,hard_lean
-1.8730867773617488,-0.29095633288175,0.8374519661627116,-11.741551001730004,-4.607195546738321,4.6790496921663625,-12.791193342277072,0.9370306645517116,-1.499003681737392,46.7038227694388,hard_brake
-2.012098403908644,-0.2749667648127781,0.8176602502177621,-11.932528768607389,-8.362162876046336,1.0857657084994567,-3.5570926072991966,0.6352605942110294,2.35383276091498,42.94515446556888,hard_brake
0.2806935518203396,-0.1117719870130422,0.1643220063034686,13.287813829390728,32.40199907356326,26.168096512384068,-21.570112738786865,40.04601494265587,47.31568830799088,38.08852821460684,bike_fall
-1.7660944461329189,-0.1666818688636414,0.7586647538010544,2.573817694953071,-6.04315784520627,-0.7313479678964523,-5.996557413129562,1.6585230881967536,0.8553440947407758,62.281829877055614,hard_brake
0.1694672182821931,-0.1684636558657893,0.0716807609600846,25.933374768962157,-5.8437906464643135,5.457142868007665,-32.88483459028796,3.4226399088665147,71.36844171835588,29.094539081518867,bike_fall
-0.09374899969321,0.0134111636770791,0.9538985841033044,0.9038786783485177,-3.3398884695278297,1.7787370856730949,-3.831397164448872,-2.2731576353616614,8.76682573729228,41.53585519508979,normal
0.0315168761489553,0.0275993161576664,1.017645024381279,-3.492119808316313,-0.5968653281181249,-2.6043603817047667,-0.7800136151681469,-4.839550872819053,9.356561020976429,28.6001614942352,normal
-1.9028010244608988,0.0838939535289974,0.7407143514950438,-12.2392422388209,-6.525571749734564,-3.466697514267967,-3.4594887014466917,-3.793669659236308,-5.060174107501396,36.60191357508802,hard_brake
-1.8898244639080677,0.0970533589745066,0.8523608704733879,-11.692044648852086,-7.217629735828799,-3.4474497132165904,-14.3712989157875,-2.26764186311969,-5.918319739595928,48.59188058050492,hard_brake
0.0375286399814001,0.0794427601939151,1.027568569024519,-2.7479281000940814,-1.9983371508877457,3.735534453962618,-3.957877563475402,3.8547410205931953,5.941388575040925,38.71739811374883,normal
0.1794674698663456,-0.2518196648588144,0.2065649475463281,-13.157728471061974,-23.56637258950488,2.1130968370361813,-32.18646345128113,-4.389418566559998,58.06840578122444,30.06063796243828,bike_fall
0.2361129825645915,-0.3198861618536645,0.6420271147974388,4.8107117723142245,-29.83708412089402,19.58106615650756,-4.530518204087063,-2.210072259435611,37.41989684581041,39.1255482120258,hard_lean
0.0686557379941968,1.07698101287346,0.8749608437055092,-4.304503233489264,17.201663453892294,-1.663435629086791,-1.0425601277568362,-2.149548535207037,37.401091419489205,44.841375563195655,hard_lean
0.1976441788662659,-0.2967076983306639,0.0527381856247599,9.94468360181918,-33.91601559953298,31.99513247600169,-22.809301935279358,4.050047545608937,74.45474259821134,38.90572908846053,bike_fall
-2.2948498135639297,0.0130320626993852,0.8107014247845269,0.2008405819809837,-8.535620063743625,-3.761175005201043,-5.248286576133985,-0.2435502197052796,-0.7495948561326777,68.74234592310745,hard_brake
0.2612489562919737,-0.1418002313773391,0.0606813462656158,34.053036988049925,34.85259371366821,-25.08538265064192,-29.550076080759837,4.286648553089961,50.852594734317975,34.849819046860766,bike_fall
-0.1087514467715423,-0.4943860505880273,0.8853201633648864,19.45093552897518,-10.973010799146364,14.535973998386249,-4.315907767055776,1.27862005790403,36.49069874676574,45.086431370565045,hard_lean
2.183982908100327,1.5754687730519497,0.6265626403078184,175.95308797742888,125.65062028687372,-55.200187924661,6.647641410866797,20.36910711566556,65.12188656064225,72.0206190538488,collision
-1.803470023712405,0.1615030211208797,0.7195944853450509,-0.4431586911145686,-9.691350460989934,7.333600463924656,-9.375962394018853,-0.7274331497489692,3.527114413883501,50.93195479864367,hard_brake
0.4437933307429752,0.183006236166505,0.8114512205161624,16.689656776317314,-12.643117893416328,11.844451748541305,-6.6758534871985,-6.096111117839159,3.000146170216506,35.721240589752846,pothole
-0.4130843091023906,0.4833695796456395,0.8696333929430083,-10.020184528222511,-24.80763177599625,8.877915658414494,2.822035847305825,0.7541248057642225,1.4149541026134234,23.513324234137382,pothole
-2.2036774685065987,0.1907318359468598,0.9771579142665436,-12.974143151163553,-5.009610758237423,-5.221100987041394,-4.810138020840281,3.2822297889427032,-7.291619931519378,43.29677655858509,hard_brake
-0.0518495376202032,0.0444094665853107,1.0367273387572356,3.929477581907895,-3.384876730530008,-4.732976499137154,1.206459547377829,-3.42388472707484,1.2741944853413845,57.79218119227364,normal
-0.0787695011411064,-0.1726640950451816,0.9406671641825188,7.260482930119316,14.419863416859478,24.202302361337416,-3.3860958365763523,0.1263268595167552,31.38778023363815,48.74769330267019,hard_lean
0.2153559261963638,0.2499153200226637,0.1779497647089693,-0.1249600330586595,2.5427160981692865,8.48319016437344,-26.57935189778153,-12.803260069342048,79.70077068875844,43.998137749184025,bike_fall
-0.1169628996449543,-0.2263874880296912,1.1072160719656938,-29.50990909671217,-3.43713184746688,-9.013350942516118,3.3993150972828285,0.0411420751305371,4.4262315591849575,51.38268668106069,pothole
0.006194084443674,0.4526583234714584,1.3418652580708974,-24.338469531202463,-21.78984852250082,14.721973026251447,-7.534315648383052,-3.186049227780746,5.506732420299404,20.528711316863305,pothole
-0.1214433707998293,0.6666599493134568,0.9697360307102268,3.796488422505572,-12.094196520589104,-7.244083577943904,1.6012715817754666,5.827050057648048,35.11247048251465,41.67443311682676,hard_lean
1.7055959064084554,-1.363782819040407,1.235847067130729,97.03943389169154,100.52845377738508,12.493687467140631,-10.439434754341626,3.0577447794089,66.7540829846362,46.51052678035936,collision
-1.843946901639712,-0.2549348767577793,0.7374623147114259,2.695589158009703,-0.5169592433441004,4.873758564896617,-14.201031062710156,0.7585050926420598,5.8449912683985,64.68264386943416,hard_brake
-0.0384828141676745,0.0079043317894869,0.9715057779638092,-2.525904083832291,-1.7014771671758586,-0.4257430186178261,-3.3477483175794127,3.032785636404068,1.5810914885850842,31.987754915620048,normal
0.2102186326234587,-0.0547480893723103,0.0852776989274877,9.759330684767887,-21.52899715525312,-27.0440286665886,-30.484428459418915,-15.844200079153168,61.46239485884772,35.88409904286728,bike_fall
0.3656722672993394,0.4449940099230699,0.2307951297235492,29.655588556172887,-21.33593756794741,-37.45167692763892,-28.704761351941173,-15.893326930472355,78.61869783588983,15.245623298018083,bike_fall
0.02,0.01,1.0,1.0,0.0,1.0,0.0,0.0,0.0,0.0,normal
